time,seconds_elapsed,z,y,x
1761478567126852900,0.093852783203125,-0.007730633951723576,-0.04303118959069252,-0.08957905322313309
1761478567136888800,0.103888916015625,-0.026934843510389328,-0.03767244145274162,-0.13977180421352386
1761478567146924800,0.1139248046875,-0.021359514445066452,-0.018313124775886536,-0.158926323056221
1761478567156959700,0.123959716796875,-0.005045671947300434,0.007714200299233198,-0.13831131160259247
1761478567166995700,0.13399560546875,0.0032479444053024054,0.036839596927165985,-0.09907044470310211
1761478567177031700,0.14403173828125,0.0046559846960008144,0.05144799128174782,-0.06621727347373962
1761478567187067600,0.154067626953125,-0.021753784269094467,0.06159437075257301,-0.04402967542409897
1761478567197102800,0.164102783203125,-0.04639824107289314,0.0526278056204319,-0.03315568342804909
1761478567207138800,0.174138916015625,-0.05132509022951126,0.026667047291994095,-0.034831609576940536
1761478567217174800,0.1841748046875,-0.04725583642721176,0.004620499908924103,-0.038064878433942795
1761478567227210800,0.194210693359375,-0.04034679755568504,-0.019809477031230927,-0.03146955743432045
1761478567237245700,0.20424560546875,-0.030352305620908737,-0.011483412235975266,-0.01039540022611618
1761478567247281700,0.21428173828125,-0.0076605770736932755,-0.014134589582681656,0.008665909059345722
1761478567257318000,0.22431787109375,-0.0015271296724677086,-0.015094069764018059,-0.0009027495980262756
1761478567267353900,0.234353759765625,-0.018550055101513863,-0.01781182549893856,-0.028214531019330025
1761478567277389800,0.244389892578125,-0.04310855269432068,-0.026715686544775963,-0.06264205276966095
1761478567287424800,0.2544248046875,-0.07095589488744736,-0.04215429723262787,-0.0807986855506897
1761478567297460700,0.264460693359375,-0.08507995307445526,-0.053575024008750916,-0.06073853746056557
1761478567307496700,0.27449658203125,-0.08036588877439499,-0.07667875289916992,-0.02230752445757389
1761478567317532700,0.28453271484375,-0.06150403246283531,-0.08141422271728516,0.01610313169658184
1761478567327568000,0.29456787109375,-0.04775999113917351,-0.07945334166288376,0.06941136717796326
1761478567337603800,0.304603759765625,-0.03128165006637573,-0.07776335626840591,0.11123660951852798
1761478567347639800,0.314639892578125,-0.02224208042025566,-0.08774088323116302,0.12684327363967896
1761478567357675800,0.32467578125,-0.028054039925336838,-0.08617428690195084,0.11512892693281174
1761478567367711700,0.334711669921875,-0.026122450828552246,-0.09500213712453842,0.07899249345064163
1761478567377747000,0.344746826171875,-0.027105843648314476,-0.08700499683618546,0.036950357258319855
1761478567387783000,0.354782958984375,-0.041604094207286835,-0.07694357633590698,-0.0015400444390252233
1761478567397819000,0.36481884765625,-0.04576576128602028,-0.04519118368625641,-0.03602076321840286
1761478567407854800,0.374854736328125,-0.05166865885257721,-0.002255968516692519,-0.06117432191967964
1761478567417889800,0.384889892578125,-0.061106711626052856,0.030721528455615044,-0.07897012680768967
1761478567427925800,0.39492578125,-0.07646515965461731,0.047158293426036835,-0.08990346640348434
1761478567437961700,0.404961669921875,-0.08688514679670334,0.06103489547967911,-0.10127755999565125
1761478567447997700,0.414997802734375,-0.086509108543396,0.07208408415317535,-0.10728964954614639
1761478567458033000,0.425032958984375,-0.07413330674171448,0.08240353316068649,-0.10766918212175369
1761478567468068900,0.43506884765625,-0.062137357890605927,0.09122338891029358,-0.1129736676812172
1761478567478104800,0.445104736328125,-0.05562364682555199,0.08401907235383987,-0.11263210326433182
1761478567488140800,0.455140869140625,-0.06421580165624619,0.06930536776781082,-0.10664505511522293
1761478567498176800,0.4651767578125,-0.07903552055358887,0.06073382869362831,-0.0940372571349144
1761478567508212000,0.4752119140625,-0.08185820281505585,0.046847838908433914,-0.07014444470405579
1761478567518248000,0.485248046875,-0.06345651298761368,0.01487664319574833,-0.054973721504211426
1761478567528284000,0.495283935546875,-0.0373506098985672,0.009059499949216843,-0.03778621181845665
1761478567538320000,0.50531982421875,-0.0292595736682415,0.017980866134166718,-0.008025417104363441
1761478567548354800,0.515354736328125,-0.02196996659040451,0.0104451859369874,0.01929621770977974
1761478567558390800,0.525390869140625,-0.0029682409949600697,0.02389715239405632,0.02130512148141861
1761478567568426800,0.5354267578125,0.010360613465309143,0.034584950655698776,0.017058709636330605
1761478567578462700,0.545462646484375,0.00553365983068943,0.04225714132189751,0.001521442667581141
1761478567588499000,0.5554990234375,-0.010258086957037449,0.0702056810259819,-0.015842366963624954
1761478567598534000,0.565533935546875,-0.02578400820493698,0.08151013404130936,-0.03914153203368187
1761478567608569900,0.57556982421875,-0.03978690877556801,0.0752844586968422,-0.05462834611535072
1761478567618605800,0.585605712890625,-0.0443061925470829,0.051814571022987366,-0.06666836887598038
1761478567628641800,0.595641845703125,-0.04569662734866142,0.024632485583424568,-0.07357022166252136
1761478567638677000,0.605677001953125,-0.04755581170320511,0.016584204509854317,-0.07121256738901138
1761478567648713000,0.615712890625,-0.05850965902209282,0.032521892338991165,-0.0665336549282074
1761478567658749000,0.6257490234375,-0.06847125291824341,0.04863628372550011,-0.06832493841648102
1761478567668785000,0.635784912109375,-0.07401701807975769,0.0702824592590332,-0.0753527581691742
1761478567678820900,0.64582080078125,-0.06248604133725166,0.09422097355127335,-0.07862243056297302
1761478567688855800,0.655855712890625,-0.052515167742967606,0.10412659496068954,-0.07294643670320511
1761478567698891800,0.665891845703125,-0.052766889333724976,0.08946473151445389,-0.0695420503616333
1761478567708927700,0.675927734375,-0.07369747012853622,0.08218923956155777,-0.0615411102771759
1761478567718964000,0.6859638671875,-0.10482338815927505,0.06856171041727066,-0.060569290071725845
1761478567728999000,0.6959990234375,-0.12781552970409393,0.05442351847887039,-0.05344799533486366
1761478567739035000,0.706034912109375,-0.13608531653881073,0.046560097485780716,-0.052874889224767685
1761478567749070800,0.71607080078125,-0.13853728771209717,0.03039204701781273,-0.058830250054597855
1761478567759106800,0.72610693359375,-0.12060506641864777,0.015183842740952969,-0.05382779985666275
1761478567769142800,0.736142822265625,-0.1029277965426445,0.0074140699580311775,-0.040411327034235
1761478567779177700,0.746177734375,-0.090952068567276,0.006016867700964212,-0.018308009952306747
1761478567789214000,0.7562138671875,-0.08162461221218109,0.021671727299690247,-0.0019199817907065153
1761478567799250000,0.76625,-0.08398639410734177,0.04321359097957611,0.0048465183936059475
1761478567809286000,0.776285888671875,-0.08762294054031372,0.06091242656111717,-0.002867594128474593
1761478567819320600,0.786320556640625,-0.08692323416471481,0.07885432243347168,-0.017109854146838188
1761478567829356500,0.7963564453125,-0.07395683974027634,0.10143127292394638,-0.040564313530921936
1761478567839393000,0.80639306640625,-0.05480615422129631,0.11595040559768677,-0.056436434388160706
1761478567849429000,0.816428955078125,-0.014718123711645603,0.12782730162143707,-0.05544361099600792
1761478567859465000,0.82646484375,0.019569430500268936,0.12920555472373962,-0.04673917964100838
1761478567869499600,0.836499755859375,0.06291849911212921,0.11335016041994095,-0.02426370047032833
1761478567879535600,0.84653564453125,0.0939246416091919,0.1037946343421936,0.0015062569873407483
1761478567889571600,0.856571533203125,0.11714527755975723,0.0951625257730484,0.038767341524362564
1761478567899607800,0.86660791015625,0.13639609515666962,0.06828109174966812,0.050549302250146866
1761478567909643800,0.876643798828125,0.15626248717308044,0.044969383627176285,0.04034220427274704
1761478567919678700,0.8866787109375,0.1738375425338745,0.012363338842988014,0.031511351466178894
1761478567929714700,0.896714599609375,0.17825785279273987,0.01149807684123516,0.0322306752204895
1761478567939750700,0.906750732421875,0.17006488144397736,0.0561676025390625,0.04663219302892685
1761478567949787000,0.916786865234375,0.1794527769088745,0.08960385620594025,0.06415367126464844
1761478567959821800,0.92682177734375,0.18734963238239288,0.10599666833877563,0.06844744086265564
1761478567969857800,0.93685791015625,0.1959308683872223,0.10101789236068726,0.05880360305309296
1761478567979893800,0.946893798828125,0.20010770857334137,0.06781690567731857,0.04473802074790001
1761478567989929700,0.9569296875,0.18054944276809692,0.01858198642730713,0.03171835467219353
1761478567999965700,0.966965576171875,0.16404448449611664,-0.03842020407319069,0.024015286937355995
1761478568010000600,0.977000732421875,0.15496815741062164,-0.07680275291204453,0.027372201904654503
1761478568020036600,0.98703662109375,0.13487397134304047,-0.10911189019680023,0.024817582219839096
1761478568030072600,0.997072509765625,0.11134573817253113,-0.12755455076694489,0.022209281101822853
1761478568040108800,1.00710888671875,0.08945813775062561,-0.15258440375328064,0.007050666492432356
1761478568050144800,1.017144775390625,0.06874965876340866,-0.18612292408943176,-0.018797706812620163
1761478568060179700,1.0271796875,0.055544838309288025,-0.21237923204898834,-0.03339971601963043
1761478568070215700,1.037215576171875,0.05425214022397995,-0.2491511106491089,-0.037505775690078735
1761478568080251600,1.047251708984375,0.06752388924360275,-0.29246988892555237,-0.02562039904296398
1761478568090287600,1.05728759765625,0.07454477995634079,-0.29978159070014954,0.029474811628460884
1761478568100323600,1.067323486328125,0.06432902067899704,-0.24774645268917084,0.1160813570022583
1761478568110358000,1.07735791015625,0.04165647178888321,-0.17504853010177612,0.20336058735847473
1761478568120394000,1.08739404296875,0.013075577095150948,-0.12610942125320435,0.25817736983299255
1761478568130430000,1.097429931640625,-0.028771737590432167,-0.09726739674806595,0.2546803951263428
1761478568140466000,1.1074658203125,-0.052874140441417694,-0.1016576960682869,0.20954084396362305
1761478568150501000,1.117501220703125,-0.05049407482147217,-0.1261393278837204,0.15782731771469116
1761478568160537000,1.127537109375,-0.034393422305583954,-0.14923974871635437,0.11791360378265381
1761478568170573000,1.137572998046875,-0.006796681322157383,-0.15779568254947662,0.10220015048980713
1761478568180609000,1.147609130859375,0.01279358845204115,-0.13624261319637299,0.1094936728477478
1761478568190645000,1.15764501953125,0.017860518768429756,-0.08826844394207001,0.1279752105474472
1761478568200680000,1.167679931640625,0.012267325073480606,-0.052895162254571915,0.12922756373882294
1761478568210716000,1.1777158203125,0.011260650120675564,-0.03005030006170273,0.10565778613090515
1761478568220752100,1.187752197265625,-0.000504662748426199,-0.011995400302112103,0.05647159367799759
1761478568230788000,1.1977880859375,-0.02393142506480217,0.011317911557853222,-0.0005275077419355512
1761478568240824000,1.207823974609375,-0.045741382986307144,0.054749008268117905,-0.06087154150009155
1761478568250859000,1.21785888671875,-0.053039778023958206,0.08346827328205109,-0.12464040517807007
1761478568260895000,1.22789501953125,-0.036146774888038635,0.09072977304458618,-0.1794562041759491
1761478568270931000,1.237930908203125,-0.014378627762198448,0.06754456460475922,-0.22741468250751495
1761478568280967000,1.247966796875,0.00033886218443512917,0.04009991139173508,-0.2648436427116394
1761478568291003000,1.2580029296875,0.014008334837853909,0.03516107797622681,-0.2843236029148102
1761478568301038000,1.2680380859375,0.02407510206103325,0.0576288066804409,-0.2695503532886505
1761478568311074000,1.278073974609375,0.026630938053131104,0.07730717211961746,-0.2411344200372696
1761478568321110000,1.288110107421875,0.028473790735006332,0.09600578993558884,-0.1962340623140335
1761478568331146000,1.29814599609375,0.031088748946785927,0.1219167485833168,-0.14562121033668518
1761478568341182000,1.308181884765625,0.03623899072408676,0.17409314215183258,-0.10498747229576111
1761478568351217200,1.318217041015625,0.06181572377681732,0.19451533257961273,-0.08851102739572525
1761478568361253000,1.328253173828125,0.09546912461519241,0.18994982540607452,-0.07937082648277283
1761478568371289000,1.3382890625,0.12710827589035034,0.18421311676502228,-0.06723932921886444
1761478568381325000,1.348324951171875,0.14808407425880432,0.17191560566425323,-0.04510093107819557
1761478568391361000,1.358361083984375,0.14426030218601227,0.15015091001987457,-0.011143764480948448
1761478568401396000,1.36839599609375,0.13016074895858765,0.12076130509376526,0.025195494294166565
1761478568411432000,1.378431884765625,0.1150560975074768,0.0988331064581871,0.07467010617256165
1761478568421468000,1.388468017578125,0.1098206639289856,0.09813863039016724,0.11979399621486664
1761478568431504100,1.398504150390625,0.10084794461727142,0.07958678156137466,0.14734439551830292
1761478568441540000,1.4085400390625,0.09045052528381348,0.0795486569404602,0.16024205088615417
1761478568451575000,1.418574951171875,0.07932703197002411,0.08749207109212875,0.17040999233722687
1761478568461611000,1.428611083984375,0.08279985934495926,0.07025584578514099,0.18355631828308105
1761478568471647000,1.43864697265625,0.08044828474521637,0.04666636511683464,0.20238833129405975
1761478568481683000,1.448682861328125,0.0763925164937973,0.012881187722086906,0.2261091023683548
1761478568491719000,1.458718994140625,0.05683772265911102,-0.020837895572185516,0.24690039455890656
1761478568501754000,1.468754150390625,0.021356048062443733,-0.03228702396154404,0.24720120429992676
1761478568511790000,1.4787900390625,-0.00601086113601923,-0.024756405502557755,0.23646894097328186
1761478568521826000,1.488825927734375,-0.0064040920697152615,-0.027626104652881622,0.2137615978717804
1761478568531862000,1.498862060546875,0.0018634255975484848,-0.041358161717653275,0.1872578114271164
1761478568541898000,1.50889794921875,0.01114271767437458,-0.05672846734523773,0.16322973370552063
1761478568551933000,1.518932861328125,0.018934860825538635,-0.06016314774751663,0.15286818146705627
1761478568561969200,1.52896923828125,0.025875132530927658,-0.05882057547569275,0.13483254611492157
1761478568572005000,1.539005126953125,0.05457255616784096,-0.05412568897008896,0.09571816027164459
1761478568582041000,1.549041015625,0.09529779106378555,-0.018326641991734505,0.021245036274194717
1761478568592077000,1.5590771484375,0.13617436587810516,0.09464465081691742,-0.09176034480333328
1761478568602112000,1.569112060546875,0.16333913803100586,0.23320408165454865,-0.219558447599411
1761478568612148000,1.57914794921875,0.1777428537607193,0.4092147946357727,-0.33699798583984375
1761478568622184000,1.589183837890625,0.20827116072177887,0.5441581606864929,-0.4357032775878906
1761478568632220000,1.599219970703125,0.2607213258743286,0.5641537308692932,-0.47253185510635376
1761478568642256100,1.609256103515625,0.30023613572120667,0.4952177405357361,-0.41174331307411194
1761478568652291000,1.619291015625,0.3048311471939087,0.37664368748664856,-0.2940097749233246
1761478568662327000,1.6293271484375,0.28237903118133545,0.24433165788650513,-0.17527280747890472
1761478568672363000,1.639363037109375,0.2174365222454071,0.10250315815210342,-0.05199934542179108
1761478568682399000,1.64939892578125,0.12949497997760773,0.035765618085861206,0.062362708151340485
1761478568692435000,1.65943505859375,0.06327255070209503,-0.002982313511893153,0.1496318280696869
1761478568702470100,1.66947021484375,0.030646350234746933,-0.0346304327249527,0.21189676225185394
1761478568712506000,1.679506103515625,0.04050297290086746,-0.07842984795570374,0.25090116262435913
1761478568722542000,1.6895419921875,0.08438050001859665,-0.11473334580659866,0.28409695625305176
1761478568732578000,1.699578125,0.1428438127040863,-0.17987693846225739,0.28484824299812317
1761478568742614000,1.709614013671875,0.18389515578746796,-0.2338593304157257,0.2695643901824951
1761478568752649000,1.71964892578125,0.18628613650798798,-0.2650955617427826,0.24586091935634613
1761478568762685200,1.729685302734375,0.16529954969882965,-0.2829826772212982,0.2174753099679947
1761478568772721200,1.73972119140625,0.1504785269498825,-0.25797292590141296,0.1871163249015808
1761478568782757000,1.749757080078125,0.1437753289937973,-0.20919495820999146,0.15898358821868896
1761478568792793000,1.75979296875,0.1529933214187622,-0.17581304907798767,0.13796459138393402
1761478568802827800,1.769827880859375,0.17006993293762207,-0.13962747156620026,0.1366177499294281
1761478568812864000,1.779864013671875,0.19657903909683228,-0.10444524884223938,0.1281113475561142
1761478568822900000,1.78989990234375,0.20639833807945251,-0.08222890645265579,0.10543869435787201
1761478568832936000,1.79993603515625,0.19631987810134888,-0.07902379333972931,0.06019239500164986
1761478568842972200,1.80997216796875,0.17965669929981232,-0.07517237961292267,0.009166493080556393
1761478568853008100,1.820008056640625,0.1637408584356308,-0.04929791018366814,-0.015174532309174538
1761478568863043000,1.83004296875,0.16412873566150665,-0.02039484679698944,-0.019910641014575958
1761478568873079000,1.8400791015625,0.1740114539861679,-0.010320905596017838,-0.002045891247689724
1761478568883115000,1.850114990234375,0.1915794461965561,-0.01188135240226984,0.021428007632493973
1761478568893151000,1.86015087890625,0.2116309106349945,-0.027059506624937057,0.04354715719819069
1761478568903187000,1.87018701171875,0.22546087205410004,-0.052121732383966446,0.05747588351368904
1761478568913222000,1.880221923828125,0.22091804444789886,-0.06063000112771988,0.07108782976865768
1761478568923258000,1.890258056640625,0.18680664896965027,-0.05565329268574715,0.09038929641246796
1761478568933294000,1.900294189453125,0.14346742630004883,-0.04145704582333565,0.1082838773727417
1761478568943330000,1.910330078125,0.12040329724550247,-0.017109325155615807,0.12356939911842346
1761478568953366000,1.920365966796875,0.12621697783470154,-0.005232958123087883,0.12823578715324402
1761478568963401000,1.93040087890625,0.14456862211227417,-0.011094769462943077,0.1330583244562149
1761478568973437000,1.94043701171875,0.16790510714054108,-0.034909822046756744,0.1257285177707672
1761478568983473200,1.95047314453125,0.1780540496110916,-0.08375260978937149,0.11302823573350906
1761478568993509000,1.960509033203125,0.15887342393398285,-0.11940168589353561,0.10081284493207932
1761478569003545000,1.970545166015625,0.11231230199337006,-0.13450178503990173,0.09117230772972107
1761478569013579800,1.980579833984375,0.049905650317668915,-0.1190384030342102,0.08359561860561371
1761478569023615700,1.99061572265625,-0.004594683181494474,-0.08856232464313507,0.09108912944793701
1761478569033652000,2.00065185546875,-0.02626189775764942,-0.06663838028907776,0.09913879632949829
1761478569043688000,2.01068798828125,-0.01580945961177349,-0.05235369876027107,0.10147562623023987
1761478569053724200,2.02072412109375,0.025691643357276917,-0.02658202312886715,0.07459447532892227
1761478569063758800,2.0307587890625,0.06024836003780365,-0.0011414934415370226,0.03045988455414772
1761478569073794800,2.040794921875,0.07516419142484665,0.012368722818791866,-0.0340149812400341
1761478569083830800,2.050830810546875,0.06295139342546463,0.015265105292201042,-0.08715231716632843
1761478569093867000,2.060866943359375,0.0415923111140728,0.015888284891843796,-0.12493165582418442
1761478569103903000,2.070903076171875,0.022023480385541916,0.021296624094247818,-0.15127958357334137
1761478569113938700,2.080938720703125,0.013817215338349342,0.036749083548784256,-0.1618691086769104
1761478569123975000,2.090974853515625,0.01796879991889,0.05459149181842804,-0.163499653339386
1761478569134011000,2.101010986328125,0.02856951393187046,0.07849256694316864,-0.1537005603313446
1761478569144046800,2.111046875,0.03194040805101395,0.0812399759888649,-0.130243182182312
1761478569154082800,2.121082763671875,0.03966863825917244,0.06121167168021202,-0.1018645390868187
1761478569164117800,2.13111767578125,0.050762906670570374,0.04962201043963432,-0.06978238373994827
1761478569174153700,2.14115380859375,0.056059133261442184,0.03914966434240341,-0.0374382920563221
1761478569184189700,2.151189697265625,0.044852692633867264,0.0243771243840456,-0.004940049722790718
1761478569194225700,2.1612255859375,0.019038137048482895,0.016100551933050156,0.01288581918925047
1761478569204262000,2.171261962890625,-0.0006995266303420067,0.01327293086796999,0.007884949445724487
1761478569214297900,2.1812978515625,-0.018517140299081802,0.012088622897863388,-0.011091139167547226
1761478569224332800,2.191332763671875,-0.028234176337718964,0.014479205012321472,-0.028867442160844803
1761478569234368800,2.20136865234375,-0.03987378627061844,0.0189256202429533,-0.046869345009326935
1761478569244404700,2.21140478515625,-0.04871026426553726,0.03174206614494324,-0.06701337546110153
1761478569254440700,2.221440673828125,-0.054024070501327515,0.03893979266285896,-0.09340663254261017
1761478569264476700,2.2314765625,-0.03620520606637001,0.0349690280854702,-0.11714104562997818
1761478569274512000,2.241511962890625,-0.02915182337164879,0.043180618435144424,-0.12186656147241592
1761478569284547800,2.2515478515625,-0.036115728318691254,0.061802852898836136,-0.11887393891811371
1761478569294583800,2.261583740234375,-0.03270475193858147,0.08039996773004532,-0.11973387748003006
1761478569304619800,2.271619873046875,-0.012046566233038902,0.0938071683049202,-0.1179109439253807
1761478569314655700,2.28165576171875,0.010585509240627289,0.08467279374599457,-0.11168447136878967
1761478569324691000,2.29169091796875,0.0272029098123312,0.05076044052839279,-0.10811547935009003
1761478569334727000,2.301726806640625,0.04762110114097595,0.03355136141180992,-0.09499461948871613
1761478569344763000,2.311762939453125,0.0713706985116005,0.027282914146780968,-0.07642420381307602
1761478569354798800,2.321798828125,0.08970815688371658,0.031179385259747505,-0.05735543742775917
1761478569364834800,2.331834716796875,0.09367229044437408,0.04425041377544403,-0.039833009243011475
1761478569374869800,2.341869873046875,0.08015701174736023,0.05743386223912239,-0.02355709858238697
1761478569384905700,2.35190576171875,0.06542380154132843,0.07216959446668625,0.0054451702162623405
1761478569394941700,2.361941650390625,0.05257058143615723,0.07327906787395477,0.02111094817519188
1761478569404978000,2.37197802734375,0.05006960779428482,0.0382225476205349,0.01202797144651413
1761478569415014000,2.382013916015625,0.03425307944417,-0.001452665776014328,-0.01719745434820652
1761478569425048800,2.392048828125,0.0035615137312561274,-0.0310838520526886,-0.060095857828855515
1761478569435084800,2.402084716796875,-0.03468600660562515,-0.044488873332738876,-0.09257257729768753
1761478569445120800,2.412120849609375,-0.07720893621444702,-0.02629394829273224,-0.11317553371191025
1761478569455156700,2.42215673828125,-0.11456695944070816,0.009446738287806511,-0.13281795382499695
1761478569465192700,2.432192626953125,-0.1429092288017273,0.03827863931655884,-0.15963105857372284
1761478569475228000,2.442227783203125,-0.1495964229106903,0.04984847456216812,-0.18510472774505615
1761478569485264000,2.452263916015625,-0.14264178276062012,0.047451384365558624,-0.204793319106102
1761478569495299800,2.4622998046875,-0.12696906924247742,0.033625584095716476,-0.20802560448646545
1761478569505335800,2.472335693359375,-0.13673216104507446,0.014089053496718407,-0.19100600481033325
1761478569515371800,2.482371826171875,-0.15736420452594757,-0.014616360887885094,-0.16563273966312408
1761478569525406700,2.49240673828125,-0.17705389857292175,-0.03193743899464607,-0.13898693025112152
1761478569535443000,2.50244287109375,-0.18568919599056244,-0.04992469400167465,-0.10236766934394836
1761478569545479000,2.51247900390625,-0.17452369630336761,-0.05983191356062889,-0.055508341640233994
1761478569555515000,2.522514892578125,-0.163938969373703,-0.06272117048501968,-0.027128899469971657
1761478569565550800,2.53255078125,-0.1506267488002777,-0.0484924279153347,-0.006946713663637638
1761478569575586800,2.5425869140625,-0.14534889161586761,-0.03078506700694561,-0.000555926002562046
1761478569585621800,2.552621826171875,-0.1473056674003601,-0.02235226146876812,-0.009546207264065742
1761478569595657700,2.56265771484375,-0.1492774784564972,-0.03260836377739906,-0.03355433791875839
1761478569605693700,2.572693603515625,-0.1447981894016266,-0.051619403064250946,-0.05653117597103119
1761478569615730000,2.58272998046875,-0.12759096920490265,-0.07565496116876602,-0.06622374802827835
1761478569625766000,2.592765869140625,-0.11258251965045929,-0.09044858068227768,-0.054029565304517746
1761478569635800800,2.60280078125,-0.11563263833522797,-0.09436449408531189,-0.03509102761745453
1761478569645836800,2.6128369140625,-0.14209617674350739,-0.08876724541187286,-0.019456306472420692
1761478569655872800,2.622872802734375,-0.18156155943870544,-0.0738719180226326,-0.021639833226799965
1761478569665908700,2.63290869140625,-0.21906690299510956,-0.07190103828907013,-0.03261181712150574
1761478569675944700,2.64294482421875,-0.25302618741989136,-0.10115747153759003,-0.04268602281808853
1761478569685980000,2.65297998046875,-0.2854820489883423,-0.14029546082019806,-0.039728228002786636
1761478569696016000,2.663015869140625,-0.3165789842605591,-0.16258186101913452,-0.031244195997714996
1761478569706051800,2.6730517578125,-0.34310704469680786,-0.18893083930015564,-0.026800405234098434
1761478569716087800,2.683087890625,-0.35670462250709534,-0.2149651050567627,-0.035586707293987274
1761478569726123800,2.693123779296875,-0.35874849557876587,-0.2179011106491089,-0.04097505658864975
1761478569736158700,2.70315869140625,-0.3624471127986908,-0.1917209029197693,-0.03009924106299877
1761478569746195000,2.71319482421875,-0.3523189425468445,-0.15475626289844513,0.002365771448239684
1761478569756231000,2.72323095703125,-0.33806782960891724,-0.12099138647317886,0.03680097684264183
1761478569766267000,2.733266845703125,-0.3220769166946411,-0.11017516255378723,0.05693281441926956
1761478569776302800,2.743302734375,-0.3049977719783783,-0.10274174809455872,0.04572702944278717
1761478569786337800,2.753337890625,-0.2800630033016205,-0.09009707719087601,0.007471303455531597
1761478569796373800,2.763373779296875,-0.24055716395378113,-0.04051540791988373,-0.059960734099149704
1761478569806409700,2.77340966796875,-0.1955098658800125,0.00863448902964592,-0.14244717359542847
1761478569816446000,2.783446044921875,-0.1519586592912674,0.03666772320866585,-0.2220573127269745
1761478569826482000,2.79348193359375,-0.11986175179481506,0.04210056737065315,-0.26242321729660034
1761478569836516900,2.803516845703125,-0.09792023152112961,0.03860889747738838,-0.24826984107494354
1761478569846552800,2.813552734375,-0.08784137666225433,0.029176371172070503,-0.19603928923606873
1761478569856588800,2.8235888671875,-0.08288762718439102,0.03053191863000393,-0.12066251039505005
1761478569866624800,2.833624755859375,-0.06766168028116226,0.045854005962610245,-0.03017273359000683
1761478569876660700,2.84366064453125,-0.04935485124588013,0.07063418626785278,0.046401672065258026
1761478569886696000,2.853696044921875,-0.042698491364717484,0.0808190107345581,0.09603413194417953
1761478569896732000,2.86373193359375,-0.045980304479599,0.060797370970249176,0.10362307727336884
1761478569906768000,2.873767822265625,-0.05985255539417267,-0.018697388470172882,0.055839989334344864
1761478569916803800,2.883803955078125,-0.07448901981115341,-0.10615026950836182,-0.018305344507098198
1761478569926839800,2.89383984375,-0.08029171824455261,-0.1688782125711441,-0.057439856231212616
1761478569936875800,2.903875732421875,-0.09014327824115753,-0.18113967776298523,-0.04459330067038536
1761478569946911000,2.913910888671875,-0.11957289278507233,-0.14984552562236786,-0.0053979638032615185
1761478569956947000,2.923947021484375,-0.14715152978897095,-0.11667851358652115,0.02551361173391342
1761478569966983000,2.93398291015625,-0.15466459095478058,-0.08482575416564941,0.04321707785129547
1761478569977019000,2.944018798828125,-0.13754871487617493,-0.05741490051150322,0.03842099383473396
1761478569987054800,2.954054931640625,-0.10415766388177872,-0.0278734490275383,0.013480044901371002
1761478569997089800,2.96408984375,-0.07921396940946579,-0.0009347742889076471,-0.008714206516742706
1761478570007125800,2.974125732421875,-0.06077060475945473,0.0031465559732168913,-0.022330371662974358
1761478570017161700,2.98416162109375,-0.047160252928733826,-0.017585620284080505,-0.006806273944675922
1761478570027198000,2.994197998046875,-0.01731148362159729,-0.03668925166130066,0.026107365265488625
1761478570037234000,3.00423388671875,0.013573994860053062,-0.05611487850546837,0.0926741436123848
1761478570047268900,3.014268798828125,0.027010606601834297,-0.0855669304728508,0.18352502584457397
1761478570057304800,3.024304931640625,0.021901333704590797,-0.11525478214025497,0.28429025411605835
1761478570067340800,3.0343408203125,0.006501331925392151,-0.1434786170721054,0.37871745228767395
1761478570077376800,3.044376708984375,-0.003845314960926771,-0.1861874759197235,0.461093008518219
1761478570087412700,3.054412841796875,0.00205762661062181,-0.21607181429862976,0.5267804265022278
1761478570097448000,3.064447998046875,0.010583736933767796,-0.23954997956752777,0.5631852746009827
1761478570107483400,3.0744833984375,0.025675853714346886,-0.25201672315597534,0.5680736303329468
1761478570117519400,3.084519287109375,0.03673037141561508,-0.2562418282032013,0.5327417254447937
1761478570127555300,3.094555419921875,0.0375283807516098,-0.2519899308681488,0.4630337953567505
1761478570137591300,3.10459130859375,0.034004222601652145,-0.24792328476905823,0.36512160301208496
1761478570147626500,3.11462646484375,0.024477653205394745,-0.24725106358528137,0.24696829915046692
1761478570157662500,3.124662353515625,0.012375449761748314,-0.21978560090065002,0.14796076714992523
1761478570167698400,3.134698486328125,-0.004863452631980181,-0.18190781772136688,0.0787353366613388
1761478570177734400,3.144734375,-0.022440049797296524,-0.14053800702095032,0.03839323669672012
1761478570187770400,3.154770263671875,-0.02479364350438118,-0.0990842953324318,0.012456851080060005
1761478570197805300,3.164805419921875,-0.013589459471404552,-0.05803912505507469,-0.010048458352684975
1761478570207841300,3.17484130859375,-0.008528228849172592,-0.04180131480097771,-0.04401135817170143
1761478570217877500,3.18487744140625,-0.018227195367217064,-0.007027353160083294,-0.09018097817897797
1761478570227913500,3.19491357421875,-0.05446425825357437,0.03114333190023899,-0.12438766658306122
1761478570237949400,3.204949462890625,-0.09487160295248032,0.040987707674503326,-0.1397884637117386
1761478570247984400,3.214984375,-0.13377897441387177,0.025394704192876816,-0.12475801259279251
1761478570258020400,3.225020263671875,-0.15161390602588654,-0.0003295675851404667,-0.0831378698348999
1761478570268056300,3.235056396484375,-0.14650680124759674,-0.04120708629488945,-0.030087735503911972
1761478570278092300,3.24509228515625,-0.1275554746389389,-0.05938928574323654,0.035724833607673645
1761478570288128300,3.255128173828125,-0.10763580352067947,-0.06926146894693375,0.08687044680118561
1761478570298163500,3.26516357421875,-0.10884594917297363,-0.08365718275308609,0.11208125948905945
1761478570308199400,3.275199462890625,-0.13323840498924255,-0.07869534194469452,0.11906952410936356
1761478570318235400,3.2852353515625,-0.15910008549690247,-0.0745951384305954,0.11821411550045013
1761478570328271400,3.295271240234375,-0.17774945497512817,-0.07253411412239075,0.1058884859085083
1761478570338307300,3.305307373046875,-0.18682177364826202,-0.075943224132061,0.08442340791225433
1761478570348342500,3.315342529296875,-0.1775895059108734,-0.08237598091363907,0.05577852949500084
1761478570358378500,3.32537841796875,-0.15753643214702606,-0.09094975888729095,0.025620894506573677
1761478570368414500,3.33541455078125,-0.13302244246006012,-0.0982426181435585,0.002243784489110112
1761478570378450400,3.345450439453125,-0.09746765345335007,-0.09471632540225983,-0.009889310225844383
1761478570388486400,3.355486328125,-0.05069084092974663,-0.07229141891002655,-0.010805334895849228
1761478570398521300,3.365521240234375,-0.005262373480945826,-0.034167468547821045,-0.008032984100282192
1761478570408557300,3.375557373046875,0.03678315505385399,0.007078842259943485,-0.019791018217802048
1761478570418593300,3.38559326171875,0.07201917469501495,0.034364260733127594,-0.04043690860271454
1761478570428629500,3.39562939453125,0.09540574252605438,0.03702651709318161,-0.05459733307361603
1761478570438665500,3.40566552734375,0.0967213436961174,0.030961696058511734,-0.07592632621526718
1761478570448700400,3.415700439453125,0.08383297920227051,0.02732914499938488,-0.08322098851203918
1761478570458736400,3.425736328125,0.06767983734607697,0.02702101692557335,-0.07774366438388824
1761478570468772400,3.4357724609375,0.05722375586628914,0.025354117155075073,-0.0845060646533966
1761478570478808300,3.445808349609375,0.05983871594071388,0.005533539690077305,-0.0803091898560524
1761478570488844300,3.45584423828125,0.0682416707277298,-0.032310448586940765,-0.05349527299404144
1761478570498880500,3.465880615234375,0.07062359899282455,-0.05760595202445984,-0.01568504422903061
1761478570508915500,3.47591552734375,0.057093944400548935,-0.07343071699142456,0.03270592540502548
1761478570518951400,3.485951416015625,0.025275561958551407,-0.0816955715417862,0.06958617269992828
1761478570528987400,3.4959873046875,-0.022745514288544655,-0.0925837978720665,0.09107428789138794
1761478570539023400,3.5060234375,-0.0544150285422802,-0.09767097234725952,0.10892492532730103
1761478570549059300,3.516059326171875,-0.07136762142181396,-0.1155422180891037,0.11396215856075287
1761478570559094500,3.526094482421875,-0.07619407027959824,-0.12220092117786407,0.10610530525445938
1761478570569130500,3.536130615234375,-0.07193945348262787,-0.10881570726633072,0.09496377408504486
1761478570579166500,3.54616650390625,-0.05880768224596977,-0.09237442165613174,0.08601502329111099
1761478570589202400,3.556202392578125,-0.04352020472288132,-0.07447513937950134,0.07252159714698792
1761478570599238400,3.56623828125,-0.02199334278702736,-0.02807541750371456,0.054415568709373474
1761478570609273300,3.5762734375,-0.005493080243468285,0.047028589993715286,0.04416198283433914
1761478570619309300,3.586309326171875,0.0032221139408648014,0.1163346916437149,0.04762968420982361
1761478570629345500,3.596345458984375,0.0028628925792872906,0.14803284406661987,0.04320673644542694
1761478570639381500,3.606381591796875,-0.0019252048805356026,0.1573035717010498,0.026684487238526344
1761478570649417500,3.61641748046875,0.0001453016884624958,0.1497373729944229,0.009955642744898796
1761478570659452400,3.626452392578125,0.025626426562666893,0.15338218212127686,-0.004706124309450388
1761478570669488400,3.63648828125,0.07621079683303833,0.1421656310558319,-0.008802462369203568
1761478570679524400,3.6465244140625,0.11550308018922806,0.13429465889930725,-0.004664974752813578
1761478570689560300,3.656560302734375,0.12365687638521194,0.1441829800605774,0.0009311256580986083
1761478570699596300,3.66659619140625,0.08835268765687943,0.14751991629600525,-0.0064740595407783985
1761478570709631500,3.676631591796875,0.027795441448688507,0.16476435959339142,-0.03904999420046806
1761478570719667500,3.68666748046875,-0.044550128281116486,0.18994374573230743,-0.08752432465553284
1761478570729703400,3.696703369140625,-0.09135883301496506,0.19914653897285461,-0.12755928933620453
1761478570739739400,3.706739501953125,-0.10299684852361679,0.20040994882583618,-0.14255155622959137
1761478570749775400,3.716775390625,-0.09134633094072342,0.18321581184864044,-0.1282753050327301
1761478570759810600,3.726810546875,-0.07622863352298737,0.16759051382541656,-0.09376554191112518
1761478570769846500,3.736846435546875,-0.05548126623034477,0.14321519434452057,-0.06352302432060242
1761478570779882500,3.746882568359375,-0.03893185034394264,0.1425187736749649,-0.027885936200618744
1761478570789918500,3.75691845703125,-0.039718180894851685,0.19009682536125183,0.019882049411535263
1761478570799954400,3.766954345703125,-0.016857871785759926,0.20226827263832092,0.07120462507009506
1761478570809989400,3.7769892578125,0.021468739956617355,0.1743360459804535,0.11363573372364044
1761478570820025300,3.787025390625,0.062716044485569,0.1490304321050644,0.14212755858898163
1761478570830061300,3.797061279296875,0.10039431601762772,0.09097982197999954,0.17397604882717133
1761478570840097500,3.80709765625,0.13180255889892578,0.06627553701400757,0.2096879780292511
1761478570850133500,3.817133544921875,0.13688813149929047,0.07319917529821396,0.24210697412490845
1761478570860168400,3.82716845703125,0.12054696679115295,0.07525459676980972,0.25863775610923767
1761478570870204400,3.837204345703125,0.09768911451101303,0.07946329563856125,0.2668814957141876
1761478570880240400,3.847240478515625,0.07353638112545013,0.0593859925866127,0.25118696689605713
1761478570890276400,3.8572763671875,0.05051843076944351,0.04029261693358421,0.22535735368728638
1761478570900312300,3.867312255859375,0.03752513229846954,0.008466241881251335,0.21550925076007843
1761478570910347500,3.877347412109375,0.018143009394407272,-0.019663698971271515,0.23421737551689148
1761478570920383500,3.887383544921875,-0.005438748747110367,-0.05249301716685295,0.26280084252357483
1761478570930419500,3.89741943359375,-0.035277530550956726,-0.08154209703207016,0.28184521198272705
1761478570940455400,3.907455322265625,-0.052491411566734314,-0.09307225048542023,0.29788196086883545
1761478570950491400,3.917491455078125,-0.05335746333003044,-0.11913349479436874,0.2834790050983429
1761478570960526600,3.927526611328125,-0.013204719871282578,-0.12278042733669281,0.24223199486732483
1761478570970562600,3.9375625,0.07111982256174088,-0.084932841360569,0.17906323075294495
1761478570980598500,3.9475986328125,0.17501746118068695,0.05366978049278259,0.09866452217102051
1761478570990634500,3.957634521484375,0.2686813175678253,0.2848040759563446,-0.022851819172501564
1761478571000670500,3.96767041015625,0.329969197511673,0.5246866941452026,-0.17893914878368378
1761478571010705400,3.977705322265625,0.35173508524894714,0.690656840801239,-0.3208721876144409
1761478571020741400,3.987741455078125,0.32319745421409607,0.69588702917099,-0.4009134769439697
1761478571030777300,3.99777734375,0.26424336433410645,0.5922383666038513,-0.39047345519065857
1761478571040812500,4.0078125,0.16968998312950134,0.44683724641799927,-0.30993759632110596
1761478571050848500,4.0178486328125,0.09784944355487823,0.29951709508895874,-0.20902086794376373
1761478571060884500,4.027884521484375,0.04800118878483772,0.18630558252334595,-0.08212683349847794
1761478571070920400,4.03792041015625,0.0033394629135727882,0.08608414977788925,0.019674792885780334
1761478571080956400,4.047956298828125,-0.04432366415858269,0.026123877614736557,0.07232575118541718
1761478571090991600,4.05799169921875,-0.08926204591989517,-0.010287558659911156,0.09406612813472748
1761478571101027600,4.068027587890625,-0.12134115397930145,-0.07045049965381622,0.10663411766290665
1761478571111063600,4.0780634765625,-0.13188710808753967,-0.12984003126621246,0.10576064139604568
1761478571121099500,4.088099609375,-0.11858035624027252,-0.14071744680404663,0.10822779685258865
1761478571131135500,4.098135498046875,-0.07787220180034637,-0.12444577366113663,0.1048162430524826
1761478571141170400,4.10817041015625,-0.024546928703784943,-0.10508432984352112,0.09307277202606201
1761478571151206400,4.118206298828125,0.03469106927514076,-0.0982440784573555,0.07808785885572433
1761478571161242400,4.128242431640625,0.07761216908693314,-0.09761211276054382,0.04665003716945648
1761478571171278600,4.138278564453125,0.10997512936592102,-0.09585294872522354,0.017044443637132645
1761478571181314600,4.148314453125,0.1312417984008789,-0.09461777657270432,0.004353683441877365
1761478571191349500,4.158349609375,0.13869446516036987,-0.07911843061447144,0.00741861667484045
1761478571201385500,4.168385498046875,0.14740033447742462,-0.0315418504178524,0.028056517243385315
1761478571211421400,4.17842138671875,0.17465843260288239,-0.0032034346368163824,0.033806849271059036
1761478571221457400,4.18845751953125,0.20014435052871704,0.017071476206183434,0.025867167860269547
1761478571231493400,4.198493408203125,0.21624574065208435,0.020203763619065285,0.0005498219979926944
1761478571241528600,4.208528564453125,0.22480620443820953,0.009207040071487427,-0.0401880219578743
1761478571251564500,4.218564453125,0.23485837876796722,-0.02198535017669201,-0.07900800555944443
1761478571261600500,4.2286005859375,0.22675037384033203,-0.025991810485720634,-0.1074548289179802
1761478571271636500,4.238636474609375,0.20552508533000946,-0.023905575275421143,-0.11749917268753052
1761478571281672400,4.24867236328125,0.19949834048748016,-0.02340410090982914,-0.11108308285474777
1761478571291707400,4.258707275390625,0.2003730684518814,-0.027342693880200386,-0.08867717534303665
1761478571301743600,4.26874365234375,0.1786171793937683,-0.028461486101150513,-0.06333667039871216
1761478571311779600,4.278779541015625,0.13220220804214478,-0.018333904445171356,-0.03806844353675842
1761478571321815600,4.288815673828125,0.0804963931441307,-0.006254337728023529,-0.002039866056293249
1761478571331851500,4.2988515625,0.0560244582593441,0.011469653807580471,0.025951910763978958
1761478571341887500,4.308887451171875,0.035948485136032104,0.0073899575509130955,0.024481846019625664
1761478571351922400,4.31892236328125,0.031041577458381653,-0.005151400342583656,-0.012211009860038757
1761478571361958400,4.32895849609375,0.011446571908891201,-0.01902354136109352,-0.057328157126903534
1761478571371994400,4.338994384765625,-0.018212303519248962,-0.03355419635772705,-0.1020047590136528
1761478571382030600,4.349030517578125,-0.025219613686203957,-0.024583600461483,-0.13565751910209656
1761478571392066600,4.359066650390625,0.01094115525484085,-0.008997566998004913,-0.13389350473880768
1761478571402101500,4.3691015625,0.06679137051105499,-0.006997000426054001,-0.1012311801314354
1761478571412137500,4.379137451171875,0.1254274696111679,-0.014980458654463291,-0.02947675622999668
1761478571422173400,4.38917333984375,0.1839328557252884,-0.01214472483843565,0.05472787097096443
1761478571432209400,4.39920947265625,0.21145984530448914,-0.013320300728082657,0.13944680988788605
1761478571442244400,4.409244384765625,0.21687352657318115,-0.006144147831946611,0.20199407637119293
1761478571452280600,4.419280517578125,0.2388608157634735,-0.00041158590465784073,0.23722943663597107
1761478571462316500,4.429316650390625,0.27042248845100403,-0.009554218500852585,0.2373735010623932
1761478571472352500,4.4393525390625,0.30121922492980957,-0.017066404223442078,0.2128361463546753
1761478571482388500,4.449388427734375,0.32156312465667725,-0.019265908747911453,0.15764665603637695
1761478571492424400,4.459424560546875,0.3175729513168335,-0.015384381636977196,0.07689950615167618
1761478571502459600,4.469459716796875,0.28582966327667236,0.018255338072776794,-0.01450736727565527
1761478571512495600,4.47949560546875,0.22955194115638733,0.04188733175396919,-0.11010678112506866
1761478571522531600,4.489531494140625,0.18252505362033844,0.03464379906654358,-0.18649211525917053
1761478571532567600,4.499567626953125,0.1425810158252716,-0.0006644634995609522,-0.21320556104183197
1761478571542603500,4.509603515625,0.10643472522497177,-0.03460858389735222,-0.20328448712825775
1761478571552638200,4.51963818359375,0.07114209979772568,-0.0596991702914238,-0.1579083949327469
1761478571562674400,4.52967431640625,0.030401064082980156,-0.06314422935247421,-0.10961756110191345
1761478571572710400,4.53971044921875,-0.004383568651974201,-0.04384339600801468,-0.07111850380897522
1761478571582746600,4.54974658203125,-0.027347475290298462,-0.03838498145341873,-0.04562486335635185
1761478571592782600,4.559782470703125,-0.03364160284399986,-0.04645395651459694,-0.027653556317090988
1761478571602817300,4.5698173828125,-0.01888103224337101,-0.07022799551486969,-0.01361470203846693
1761478571612855600,4.57985546875,-0.0055703469552099705,-0.10140343010425568,-0.017152300104498863
1761478571622890500,4.589890380859375,-0.004447558429092169,-0.11296740919351578,-0.04519112408161163
1761478571632926500,4.599926513671875,-0.03066457435488701,-0.09960262477397919,-0.080711729824543
1761478571642962400,4.60996240234375,-0.06008877605199814,-0.05492303892970085,-0.09932616353034973
1761478571652998400,4.619998291015625,-0.06828547269105911,-0.013301264494657516,-0.10249441862106323
1761478571663034400,4.630034423828125,-0.0398506335914135,0.018484363332390785,-0.0992557480931282
1761478571673069600,4.640069580078125,0.009162696078419685,0.03657924011349678,-0.0861654132604599
1761478571683105500,4.65010546875,0.061679430305957794,0.04884123429656029,-0.07482913136482239
1761478571693141500,4.6601416015625,0.0915372371673584,0.06557559967041016,-0.07199549674987793
1761478571703177500,4.670177490234375,0.08983467519283295,0.11264298111200333,-0.07175075262784958
1761478571713213400,4.68021337890625,0.06258097290992737,0.1622307449579239,-0.0758766233921051
1761478571723249400,4.69024951171875,0.03937285393476486,0.21166753768920898,-0.07254315167665482
1761478571733284400,4.700284423828125,0.03365900367498398,0.23630483448505402,-0.07015272974967957
1761478571743320600,4.710320556640625,0.019616419449448586,0.21253637969493866,-0.09421598166227341
1761478571753356500,4.7203564453125,-0.00951334647834301,0.1772947609424591,-0.11475948989391327
1761478571763392500,4.730392578125,-0.039020638912916183,0.15087834000587463,-0.11741705983877182
1761478571773428500,4.740428466796875,-0.08063174039125443,0.11277851462364197,-0.11220359802246094
1761478571783463400,4.75046337890625,-0.1306576132774353,0.08789287507534027,-0.10108570009469986
1761478571793499400,4.76049951171875,-0.1946449875831604,0.056617870926856995,-0.10051659494638443
1761478571803535400,4.770535400390625,-0.24646130204200745,0.027154788374900818,-0.10936228185892105
1761478571813571300,4.7805712890625,-0.2930023670196533,-0.015664907172322273,-0.1261398047208786
1761478571823607600,4.790607666015625,-0.3303191065788269,-0.05480059236288071,-0.1407136768102646
1761478571833642500,4.800642578125,-0.3605837821960449,-0.06804055720567703,-0.13133397698402405
1761478571843678500,4.810678466796875,-0.37811005115509033,-0.09298238903284073,-0.1049279272556305
1761478571853714400,4.82071435546875,-0.4034256935119629,-0.10616297274827957,-0.07309877127408981
1761478571863750400,4.83075048828125,-0.43173617124557495,-0.0971902459859848,-0.051930636167526245
1761478571873786400,4.840786376953125,-0.45761486887931824,-0.08412222564220428,-0.05995514616370201
1761478571883821600,4.850821533203125,-0.47418585419654846,-0.0791490375995636,-0.07931765913963318
1761478571893857500,4.860857421875,-0.46172550320625305,-0.0727127343416214,-0.10566473752260208
1761478571903893500,4.8708935546875,-0.4304938316345215,-0.06377116590738297,-0.12894608080387115
1761478571913929500,4.880929443359375,-0.39245739579200745,-0.07068610191345215,-0.1561061143875122
1761478571923965400,4.89096533203125,-0.3578469753265381,-0.06107235699892044,-0.17143580317497253
1761478571934000400,4.90100048828125,-0.3366169035434723,-0.04090193659067154,-0.178164541721344
1761478571944036600,4.91103662109375,-0.31712281703948975,-0.018343361094594002,-0.171738862991333
1761478571954072600,4.921072509765625,-0.3027969002723694,0.0008600298315286636,-0.14651869237422943
1761478571964108500,4.931108642578125,-0.2802114188671112,-0.009367840364575386,-0.11300200968980789
1761478571974144500,4.94114453125,-0.23818516731262207,-0.029099732637405396,-0.07169904559850693
1761478571984180500,4.951180419921875,-0.1882886439561844,-0.04576241970062256,-0.014466681517660618
1761478571994215400,4.96121533203125,-0.13581189513206482,-0.05961817875504494,0.04007882624864578
1761478572004251400,4.97125146484375,-0.09387243539094925,-0.05739603191614151,0.07934180647134781
1761478572014287400,4.981287353515625,-0.07582376152276993,-0.04502873122692108,0.09618184715509415
1761478572024323600,4.991323486328125,-0.07677238434553146,-0.039090950042009354,0.10777459293603897
1761478572034359600,5.001359619140625,-0.09707776457071304,-0.03987712785601616,0.10570676624774933
1761478572044394500,5.01139453125,-0.1063583493232727,-0.07634326070547104,0.09700488299131393
1761478572054430500,5.021430419921875,-0.11356759071350098,-0.1459873914718628,0.085471972823143
1761478572064466400,5.031466552734375,-0.12510946393013,-0.2048051655292511,0.07313887029886246
1761478572074502400,5.04150244140625,-0.14586949348449707,-0.23477236926555634,0.06364752352237701
1761478572084538400,5.051538330078125,-0.1819601207971573,-0.24830281734466553,0.06267227232456207
1761478572094573600,5.061573486328125,-0.22599312663078308,-0.2610292136669159,0.07011095434427261
1761478572104609500,5.071609619140625,-0.2628994882106781,-0.2680916488170624,0.0908588394522667
1761478572114644500,5.08164453125,-0.2834388315677643,-0.2760491669178009,0.10988659411668777
1761478572124680400,5.091680419921875,-0.27510207891464233,-0.30227091908454895,0.12034989148378372
1761478572134716400,5.10171630859375,-0.2467169314622879,-0.3300956189632416,0.12853078544139862
1761478572144752400,5.11175244140625,-0.22881542146205902,-0.34226441383361816,0.14049024879932404
1761478572154787600,5.12178759765625,-0.23244085907936096,-0.34956252574920654,0.145643413066864
1761478572164823600,5.131823486328125,-0.25937792658805847,-0.33584457635879517,0.14773692190647125
1761478572174859500,5.141859619140625,-0.2903800904750824,-0.26945048570632935,0.12518471479415894
1761478572184895500,5.1518955078125,-0.29490000009536743,-0.15913784503936768,0.0529419481754303
1761478572194931500,5.161931396484375,-0.2450670748949051,-0.020173106342554092,-0.07279828190803528
1761478572204966700,5.171966552734375,-0.18341730535030365,0.10916677862405777,-0.22675108909606934
1761478572215002600,5.182002685546875,-0.1482888162136078,0.1791587471961975,-0.3624483048915863
1761478572225038600,5.19203857421875,-0.12149156630039215,0.19939664006233215,-0.42666029930114746
1761478572235074600,5.202074462890625,-0.0909295305609703,0.22705134749412537,-0.4131607115268707
1761478572245110500,5.212110595703125,-0.05739101022481918,0.2558552920818329,-0.33946436643600464
1761478572255145500,5.2221455078125,-0.018070902675390244,0.2908227741718292,-0.22703902423381805
1761478572265181400,5.232181396484375,0.0317658931016922,0.30410927534103394,-0.10380151867866516
1761478572275217400,5.242217529296875,0.07529743015766144,0.2696877717971802,0.002494062064215541
1761478572285253600,5.252253662109375,0.095409095287323,0.20268212258815765,0.09195709973573685
1761478572295289600,5.26228955078125,0.09646335989236832,0.11150527000427246,0.13770638406276703
1761478572305325600,5.27232568359375,0.10132016986608505,0.007426003459841013,0.13997219502925873
1761478572315360500,5.282360595703125,0.10755200684070587,-0.09532501548528671,0.12212318927049637
1761478572325396500,5.292396484375,0.11465092748403549,-0.1770680695772171,0.09237594902515411
1761478572335432400,5.302432373046875,0.10279282182455063,-0.2411731630563736,0.09084321558475494
1761478572345468400,5.312468505859375,0.09020671993494034,-0.26833605766296387,0.10636571794748306
1761478572355504600,5.322504638671875,0.07879576086997986,-0.26132524013519287,0.12746796011924744
1761478572365539600,5.33253955078125,0.08497349917888641,-0.22150883078575134,0.15985839068889618
1761478572375575600,5.342575439453125,0.08274949342012405,-0.1702866554260254,0.17210866510868073
1761478572385611500,5.352611572265625,0.07351444661617279,-0.15525604784488678,0.1505679488182068
1761478572395647500,5.3626474609375,0.07784044742584229,-0.13825643062591553,0.10094577074050903
1761478572405683500,5.372683349609375,0.10190211236476898,-0.11984466016292572,0.05015476420521736
1761478572415718700,5.38271875,0.13415561616420746,-0.09380553662776947,0.019507043063640594
1761478572425754600,5.392754638671875,0.1394640952348709,-0.05416731908917427,0.015286199748516083
1761478572435790600,5.40279052734375,0.13142448663711548,-0.008603130467236042,0.029090501368045807
1761478572445826600,5.41282666015625,0.11602422595024109,0.040379323065280914,0.04758109524846077
1761478572455862500,5.422862548828125,0.10022249072790146,0.052482232451438904,0.04725194349884987
1761478572465898500,5.4328984375,0.10657625645399094,0.04865793138742447,0.04854704067111015
1761478572475933400,5.442933349609375,0.12386640906333923,0.021014602854847908,0.052417293190956116
1761478572485969700,5.4529697265625,0.13640430569648743,0.0031570426654070616,0.07357850670814514
1761478572496005600,5.463005615234375,0.14670898020267487,0.00243582297116518,0.10899637639522552
1761478572506041600,5.47304150390625,0.16673435270786285,0.011649827472865582,0.16019991040229797
1761478572516077600,5.48307763671875,0.19327464699745178,0.025391336530447006,0.21993303298950195
1761478572526112500,5.493112548828125,0.22125940024852753,0.033686816692352295,0.25565987825393677
1761478572536148500,5.5031484375,0.2454530894756317,0.02021612972021103,0.26764506101608276
1761478572546184400,5.513184326171875,0.25039511919021606,0.001463747234083712,0.2668383717536926
1761478572556220400,5.523220458984375,0.25586679577827454,-0.027152393013238907,0.2582889497280121
1761478572566256600,5.533256591796875,0.24999532103538513,-0.05005105212330818,0.2614802122116089
1761478572576291600,5.54329150390625,0.23751208186149597,-0.0771159678697586,0.2540205121040344
1761478572586327600,5.55332763671875,0.22059914469718933,-0.07439368218183517,0.22388043999671936
1761478572596363500,5.563363525390625,0.19627152383327484,-0.05154350399971008,0.18678134679794312
1761478572606399500,5.5733994140625,0.1631077080965042,-0.02161196619272232,0.13694535195827484
1761478572616435500,5.583435546875,0.1244489997625351,0.010107878595590591,0.08602064847946167
1761478572626471400,5.593471435546875,0.08113588392734528,0.03422733023762703,0.04335414245724678
1761478572636506600,5.603506591796875,0.04696406424045563,0.057289429008960724,0.00872316025197506
1761478572646542600,5.61354248046875,0.013250043615698814,0.04759339243173599,-0.01852443814277649
1761478572656578600,5.62357861328125,-0.03175630047917366,0.04821848124265671,-0.05367663502693176
1761478572666614500,5.633614501953125,-0.08306769281625748,0.059818413108587265,-0.10666847974061966
1761478572676650500,5.643650390625,-0.1339215636253357,0.098286472260952,-0.18038654327392578
1761478572686685400,5.653685546875,-0.1681855320930481,0.14709264039993286,-0.26411792635917664
1761478572696721700,5.6637216796875,-0.1824600100517273,0.19309991598129272,-0.32143324613571167
1761478572706757600,5.673757568359375,-0.18466085195541382,0.19602110981941223,-0.31397852301597595
1761478572716793600,5.683793701171875,-0.18314558267593384,0.17521058022975922,-0.25601300597190857
1761478572726829600,5.69382958984375,-0.17335127294063568,0.14864660799503326,-0.18308661878108978
1761478572736864500,5.703864501953125,-0.1511009782552719,0.1343921422958374,-0.11954201012849808
1761478572746900500,5.713900390625,-0.12695223093032837,0.11179494857788086,-0.08090753108263016
1761478572756936400,5.7239365234375,-0.10880076140165329,0.08663079887628555,-0.07218899577856064
1761478572766972400,5.733972412109375,-0.09354884177446365,0.06226687133312225,-0.09410654753446579
1761478572777008600,5.744008544921875,-0.07876069098711014,0.05533267930150032,-0.11083687841892242
1761478572787044600,5.754044677734375,-0.0570460744202137,0.022511616349220276,-0.10564584285020828
1761478572797079600,5.76407958984375,-0.010465443134307861,-0.02286466211080551,-0.0569956935942173
1761478572807115500,5.774115478515625,0.058360755443573,-0.06678524613380432,0.0167767982929945
1761478572817151500,5.7841513671875,0.1240115836262703,-0.09711355715990067,0.10319482535123825
1761478572827187500,5.7941875,0.15796740353107452,-0.10317650437355042,0.1739363819360733
1761478572837223400,5.804223388671875,0.1554631143808365,-0.08880919218063354,0.2066146731376648
1761478572847258600,5.814258544921875,0.12312248349189758,-0.08443521708250046,0.19536495208740234
1761478572857294600,5.824294677734375,0.09166109561920166,-0.08673947304487228,0.15402285754680634
1761478572867330600,5.83433056640625,0.08665035665035248,-0.081100232899189,0.09081245213747025
1761478572877366500,5.844366455078125,0.09925680607557297,-0.08027011156082153,0.04718203842639923
1761478572887402500,5.854402587890625,0.11966434866189957,-0.0868113711476326,0.032162610441446304
1761478572897437700,5.864437744140625,0.141809344291687,-0.08646287024021149,0.02481587789952755
1761478572907473700,5.8744736328125,0.14587679505348206,-0.09987987577915192,0.016557682305574417
1761478572917509600,5.884509521484375,0.12235449999570847,-0.10004553198814392,0.00862524751573801
1761478572927545600,5.894545654296875,0.06854134052991867,-0.08307533711194992,0.0007084691897034645
1761478572937581600,5.90458154296875,0.012138249352574348,-0.06890305876731873,-0.02276276797056198
1761478572947617500,5.914617431640625,-0.033493418246507645,-0.07475508749485016,-0.06681917607784271
1761478572957652500,5.924652587890625,-0.07004478573799133,-0.07897449284791946,-0.10533101111650467
1761478572967688400,5.9346884765625,-0.08501974493265152,-0.08230690658092499,-0.1267726570367813
1761478572977724700,5.944724609375,-0.0830850750207901,-0.090412437915802,-0.11786369979381561
1761478572987760600,5.9547607421875,-0.07538561522960663,-0.08942574262619019,-0.09683378785848618
1761478572997796600,5.964796630859375,-0.06665365397930145,-0.08007314056158066,-0.07523700594902039
1761478573007831600,5.97483154296875,-0.05463587865233421,-0.05818142369389534,-0.05391814187169075
1761478573017867500,5.984867431640625,-0.028614375740289688,-0.046016477048397064,-0.03945331275463104
1761478573027903500,5.994903564453125,-0.00007647369056940079,-0.0611400343477726,-0.03524098917841911
1761478573037939500,6.004939453125,0.019107148051261902,-0.06909535825252533,-0.036776747554540634
1761478573047975400,6.014975341796875,0.018150009214878082,-0.05010116100311279,-0.02760588563978672
1761478573058010600,6.0250107421875,0.003229128662496805,-0.0207661259919405,-0.018800754100084305
1761478573068046600,6.035046630859375,-0.019711608067154884,0.02117466740310192,-0.012370286509394646
1761478573078082600,6.04508251953125,-0.0418064184486866,0.07601580768823624,-0.01199465524405241
1761478573088118500,6.055118408203125,-0.048810265958309174,0.09337615221738815,-0.03753383830189705
1761478573098154500,6.065154541015625,-0.012651083990931511,0.07213985174894333,-0.04995386302471161
1761478573108190500,6.0751904296875,0.041180193424224854,0.06742578744888306,-0.037289731204509735
1761478573118226400,6.085226318359375,0.07545045763254166,0.07589833438396454,-0.028019262477755547
1761478573128262400,6.095262451171875,0.0744863897562027,0.10622508078813553,-0.023503605276346207
1761478573138298600,6.105298583984375,0.023589443415403366,0.15122807025909424,-0.018337944522500038
1761478573148334600,6.11533447265625,-0.0242925938218832,0.16549994051456451,-0.010144197382032871
1761478573158370600,6.12537060546875,-0.038236889988183975,0.1691918671131134,0.007569185458123684
1761478573168405500,6.135405517578125,-0.02591230906546116,0.15907984972000122,0.0378972627222538
1761478573178441500,6.14544140625,-0.002139320131391287,0.13719528913497925,0.06838556379079819
1761478573188477400,6.1554775390625,0.014296645298600197,0.10282905399799347,0.09679722785949707
1761478573198513400,6.165513427734375,0.03596039488911629,0.05626102164387703,0.12585550546646118
1761478573208549400,6.17554931640625,0.0642106756567955,0.02869277633726597,0.16975745558738708
1761478573218584600,6.18558447265625,0.08580180257558823,0.03219695761799812,0.20688970386981964
1761478573228620500,6.19562060546875,0.09659799188375473,0.05866904556751251,0.22875851392745972
1761478573238656500,6.205656494140625,0.09961631894111633,0.07183849066495895,0.22047936916351318
1761478573248692500,6.2156923828125,0.08550421893596649,0.03847920522093773,0.17014269530773163
1761478573258728400,6.225728515625,0.062316637486219406,-0.0017410286236554384,0.11342813819646835
1761478573268763600,6.235763671875,0.04993107169866562,-0.024831434711813927,0.07170466333627701
1761478573278799600,6.245799560546875,0.041358985006809235,-0.045436080545186996,0.06672503799200058
1761478573288835600,6.255835693359375,0.01949097216129303,-0.04898554086685181,0.08704441785812378
1761478573298871600,6.26587158203125,-0.006853647064417601,-0.020205790176987648,0.127323180437088
1761478573308907500,6.275907470703125,-0.04286437854170799,-0.019651319831609726,0.16622397303581238
1761478573318943500,6.285943603515625,-0.09347463399171829,-0.04659504443407059,0.2054634690284729
1761478573328978400,6.295978515625,-0.14187626540660858,-0.0984041765332222,0.22705452144145966
1761478573339014700,6.3060146484375,-0.149481862783432,-0.11033022403717041,0.19712652266025543
1761478573349050600,6.316050537109375,-0.08216354250907898,-0.07322653383016586,0.09724093973636627
1761478573359086600,6.326086669921875,0.009349556639790535,0.07497318834066391,-0.021717432886362076
1761478573369122600,6.33612255859375,0.1500912308692932,0.3056660592556,-0.13692818582057953
1761478573379157500,6.346157470703125,0.3152223527431488,0.4978642463684082,-0.2391447275876999
1761478573389193500,6.356193359375,0.42666712403297424,0.6335328817367554,-0.3008112609386444
1761478573399229400,6.3662294921875,0.4730669856071472,0.695713460445404,-0.32507625222206116
1761478573409265400,6.376265380859375,0.43252888321876526,0.5817959308624268,-0.3248344361782074
1761478573419301600,6.386301513671875,0.33732715249061584,0.39353784918785095,-0.2867967486381531
1761478573429336600,6.396336669921875,0.2100808024406433,0.19262684881687164,-0.2206079065799713
1761478573439372500,6.40637255859375,0.0709957629442215,0.04241371154785156,-0.1138560026884079
1761478573449408500,6.416408447265625,-0.04801185056567192,-0.034646183252334595,0.023982826620340347
1761478573459444500,6.426444580078125,-0.10681503266096115,-0.06952890008687973,0.20336970686912537
1761478573469480400,6.43648046875,-0.10073263943195343,-0.10352495312690735,0.38087230920791626
1761478573479515600,6.446515625,-0.06397765129804611,-0.14105622470378876,0.5224401950836182
1761478573489551600,6.456551513671875,-0.008783909492194653,-0.19138596951961517,0.5970025658607483
1761478573499587600,6.466587646484375,0.03285786882042885,-0.2642340660095215,0.5902015566825867
1761478573509623600,6.47662353515625,0.05186458304524422,-0.28136882185935974,0.5461534261703491
1761478573519659500,6.486659423828125,0.058977507054805756,-0.27142637968063354,0.4694012403488159
1761478573529694500,6.496694580078125,0.076714426279068,-0.24428613483905792,0.3517877757549286
1761478573539730400,6.50673046875,0.09023084491491318,-0.1728648692369461,0.21678851544857025
1761478573549766700,6.5167666015625,0.10002408176660538,-0.09080754965543747,0.07478370517492294
1761478573559802600,6.526802734375,0.106142558157444,-0.025806725025177002,-0.0520828552544117
1761478573569838600,6.536838623046875,0.08794277906417847,0.011834392324090004,-0.14133043587207794
1761478573579874600,6.54687451171875,0.06490153819322586,0.01569462940096855,-0.1773783266544342
1761478573589909500,6.556909423828125,0.03751864656805992,0.03859621658921242,-0.1730930358171463
1761478573599945500,6.566945556640625,0.0032189744524657726,0.03554593771696091,-0.13478121161460876
1761478573609981400,6.5769814453125,-0.029844703152775764,0.001881453674286604,-0.08874127268791199
1761478573620017400,6.587017333984375,-0.0846460685133934,-0.03679060935974121,-0.07583777606487274
1761478573630053600,6.5970537109375,-0.1396893411874771,-0.046622734516859055,-0.10381854325532913
1761478573640088600,6.607088623046875,-0.19487111270427704,-0.014910612255334854,-0.1517578363418579
1761478573650124500,6.61712451171875,-0.21821372210979462,0.04665288329124451,-0.17360827326774597
1761478573660160500,6.627160400390625,-0.195774108171463,0.1089557409286499,-0.14705754816532135
1761478573670196500,6.637196533203125,-0.16734778881072998,0.11869892477989197,-0.09657944738864899
1761478573680232400,6.647232421875,-0.1350843757390976,0.07439331710338593,-0.04509192332625389
1761478573690267600,6.657267578125,-0.10578108578920364,-0.0062509262934327126,-0.01006629504263401
1761478573700303600,6.6673037109375,-0.08975270390510559,-0.07401270419359207,0.004205259494483471
1761478573710339600,6.677339599609375,-0.09850811213254929,-0.12016581743955612,-0.00621116254478693
1761478573720375600,6.68737548828125,-0.1496235430240631,-0.14370648562908173,-0.04290041700005531
1761478573730411500,6.69741162109375,-0.20075064897537231,-0.1097399890422821,-0.048091985285282135
1761478573740446500,6.707446533203125,-0.24837709963321686,-0.08277236670255661,-0.05038665235042572
1761478573750482400,6.717482421875,-0.2776350975036621,-0.06567833572626114,-0.07949500530958176
1761478573760518700,6.7275185546875,-0.2921598255634308,-0.06785432994365692,-0.15021216869354248
1761478573770554600,6.7375546875,-0.29832345247268677,-0.07026076316833496,-0.24943490326404572
1761478573780590600,6.747590576171875,-0.30444979667663574,-0.05961504578590393,-0.3435070514678955
1761478573790625500,6.75762548828125,-0.32598942518234253,-0.0460483692586422,-0.39554283022880554
1761478573800661500,6.76766162109375,-0.34210193157196045,-0.02107161097228527,-0.4006115794181824
1761478573810697500,6.777697509765625,-0.3575783371925354,0.006533384323120117,-0.3796769976615906
1761478573820733400,6.7877333984375,-0.3348502516746521,0.010755595751106739,-0.34838563203811646
1761478573830769700,6.797769775390625,-0.27104490995407104,-0.03181476891040802,-0.3178682029247284
1761478573840805600,6.8078056640625,-0.22079713642597198,-0.13216033577919006,-0.28753072023391724
1761478573850840600,6.817840576171875,-0.18821175396442413,-0.21464189887046814,-0.26090604066848755
1761478573860876500,6.82787646484375,-0.18798545002937317,-0.23889681696891785,-0.2297787070274353
1761478573870912500,6.83791259765625,-0.19752809405326843,-0.19960667192935944,-0.1680207997560501
1761478573880948500,6.847948486328125,-0.19111090898513794,-0.1196138933300972,-0.09222637861967087
1761478573890984400,6.857984375,-0.1667483001947403,-0.05466737970709801,-0.03960178792476654
1761478573901019600,6.86801953125,-0.1259140968322754,-0.010388809256255627,-0.007723007816821337
1761478573911055600,6.8780556640625,-0.08180654793977737,-0.022191405296325684,-0.014602217823266983
1761478573921091600,6.888091552734375,-0.05363628268241882,-0.041646454483270645,-0.04114443436264992
1761478573931127600,6.89812744140625,-0.04667184501886368,-0.053792864084243774,-0.07454021275043488
1761478573941163500,6.90816357421875,-0.04545377567410469,-0.06682514399290085,-0.11012768745422363
1761478573951198500,6.918198486328125,-0.061670560389757156,-0.037794291973114014,-0.12633942067623138
1761478573961234700,6.928234619140625,-0.07560309767723083,0.0075076185166835785,-0.112459696829319
1761478573971270700,6.938270751953125,-0.06599333882331848,0.028919965028762817,-0.07786151021718979
1761478573981306600,6.948306640625,-0.05414256453514099,0.023360271006822586,-0.03680524230003357
1761478573991342600,6.958342529296875,-0.035760894417762756,0.010375497862696648,-0.009336601011455059
1761478574001377500,6.96837744140625,-0.028363697230815887,-0.027039784938097,-0.009887076914310455
1761478574011413500,6.97841357421875,-0.03469669446349144,-0.04569070041179657,-0.02501809224486351
1761478574021449500,6.988449462890625,-0.055592648684978485,-0.05794265493750572,-0.059554796665906906
1761478574031485400,6.9984853515625,-0.08140640705823898,-0.0686594769358635,-0.09866305440664291
1761478574041521700,7.008521728515625,-0.10823368281126022,-0.06645849347114563,-0.1331801563501358
1761478574051556600,7.018556640625,-0.12130874395370483,-0.05380554497241974,-0.14908109605312347
1761478574061592600,7.028592529296875,-0.12147010117769241,-0.05420302972197533,-0.1550300419330597
1761478574071628500,7.038628662109375,-0.1255710870027542,-0.0641041249036789,-0.1505705863237381
1761478574081664500,7.04866455078125,-0.14403438568115234,-0.0845712274312973,-0.1359999030828476
1761478574091700500,7.058700439453125,-0.16960552334785461,-0.08117463439702988,-0.12801654636859894
1761478574101736400,7.068736328125,-0.1780300885438919,-0.07892759889364243,-0.10486487299203873
1761478574111771400,7.078771484375,-0.1655675619840622,-0.061171773821115494,-0.09383725374937057
1761478574121807400,7.088807373046875,-0.12865154445171356,-0.05781680718064308,-0.07358147948980331
1761478574131843300,7.09884326171875,-0.09316357970237732,-0.07611511647701263,-0.06368384510278702
1761478574141879300,7.10887939453125,-0.07707380503416061,-0.10042829811573029,-0.053540535271167755
1761478574151915300,7.118915283203125,-0.09003008157014847,-0.12047496438026428,-0.04009503498673439
1761478574161950500,7.128950439453125,-0.10206177830696106,-0.1129581406712532,-0.014287007041275501
1761478574171986400,7.138986328125,-0.0953010767698288,-0.0881475955247879,0.01667730137705803
1761478574182022400,7.1490224609375,-0.08278615027666092,-0.06166581064462662,0.03528628870844841
1761478574192058400,7.159058349609375,-0.06246916577219963,-0.06255263835191727,0.03979821875691414
1761478574202094300,7.16909423828125,-0.04593649134039879,-0.05845622345805168,0.03634575381875038
1761478574212129300,7.17912939453125,-0.041217103600502014,-0.04840598627924919,0.03607917204499245
1761478574222165200,7.189165283203125,-0.04580668359994888,-0.043540455400943756,0.03353703394532204
1761478574232201200,7.199201171875,-0.06447836756706238,-0.03786925598978996,0.03535091504454613
1761478574242237400,7.209237548828125,-0.08500447869300842,-0.04592134431004524,0.049901727586984634
1761478574252273400,7.2192734375,-0.08800053596496582,-0.07773945480585098,0.05769413709640503
1761478574262308400,7.229308349609375,-0.0973082035779953,-0.08915910869836807,0.06530365347862244
1761478574272344300,7.23934423828125,-0.10504096001386642,-0.1031886413693428,0.06377606093883514
1761478574282380300,7.24938037109375,-0.12038339674472809,-0.09931286424398422,0.0550263486802578
1761478574292416300,7.259416259765625,-0.15239380300045013,-0.10110357403755188,0.040031686425209045
1761478574302452200,7.2694521484375,-0.19553762674331665,-0.09355908632278442,0.018216343596577644
1761478574312487400,7.2794873046875,-0.24319089949131012,-0.08127738535404205,-0.0007962285308167338
1761478574322523400,7.2895234375,-0.26826804876327515,-0.08354336768388748,0.0009421493741683662
1761478574332559400,7.299559326171875,-0.27717098593711853,-0.08856794983148575,0.012921580113470554
1761478574342595300,7.30959521484375,-0.27930060029029846,-0.08795972913503647,0.016082709655165672
1761478574352631300,7.31963134765625,-0.29784074425697327,-0.10603859275579453,-0.0019431631080806255
1761478574362666500,7.32966650390625,-0.3237304389476776,-0.11963751912117004,-0.02267996221780777
1761478574372702500,7.339702392578125,-0.3615899384021759,-0.14288611710071564,-0.04531070590019226
1761478574382738400,7.349738525390625,-0.40174660086631775,-0.16605812311172485,-0.04340774938464165
1761478574392774400,7.3597744140625,-0.44690370559692383,-0.17772862315177917,-0.023198887705802917
1761478574402810400,7.369810302734375,-0.5064279437065125,-0.18685762584209442,-0.0064939591102302074
1761478574412845300,7.37984521484375,-0.5633288025856018,-0.19877395033836365,0.010343078523874283
1761478574422881300,7.38988134765625,-0.5765233039855957,-0.19460263848304749,0.015155736356973648
1761478574432917200,7.399917236328125,-0.5286761522293091,-0.13043324649333954,-0.011649511754512787
1761478574442953500,7.409953369140625,-0.433102548122406,-0.08474239706993103,-0.05661819875240326
1761478574452989400,7.419989501953125,-0.3302462100982666,-0.07805866003036499,-0.10621105134487152
1761478574463024400,7.4300244140625,-0.25431936979293823,-0.11471448093652725,-0.1369333416223526
1761478574473060400,7.440060302734375,-0.1786102056503296,-0.12969635426998138,-0.12605485320091248
1761478574483096300,7.450096435546875,-0.09140374511480331,-0.049835607409477234,-0.0899251401424408
1761478574493132300,7.46013232421875,-0.02103264257311821,0.11967911571264267,-0.0216081365942955
1761478574503168300,7.470168212890625,0.03846614435315132,0.24081073701381683,0.06507644802331924
1761478574513204200,7.480204345703125,0.10704946517944336,0.3219207525253296,0.1362805962562561
1761478574523239400,7.490239501953125,0.1793304830789566,0.3730657696723938,0.14982478320598602
1761478574533275400,7.500275390625,0.2517458200454712,0.3647859990596771,0.13722802698612213
1761478574543311400,7.510311279296875,0.31300410628318787,0.2546065151691437,0.11365506052970886
1761478574553347300,7.520347412109375,0.3385167717933655,0.11828191578388214,0.09679161012172699
1761478574563383300,7.53038330078125,0.28652188181877136,0.006002658978104591,0.11496812850236893
1761478574573418500,7.54041845703125,0.17378655076026917,-0.06821510940790176,0.16112284362316132
1761478574583454500,7.550454345703125,0.054266199469566345,-0.09975340217351913,0.23012472689151764
1761478574593490400,7.560490478515625,-0.02977544069290161,-0.12391732633113861,0.29962068796157837
1761478574603526400,7.5705263671875,-0.06495063006877899,-0.1617850661277771,0.3246718645095825
1761478574613562400,7.580562255859375,-0.07490019500255585,-0.18921376764774323,0.3120764493942261
1761478574623597300,7.590597412109375,-0.0686563178896904,-0.17596828937530518,0.25607332587242126
1761478574633633300,7.60063330078125,-0.05316311493515968,-0.16509008407592773,0.16590401530265808
1761478574643669200,7.610669189453125,-0.03542279452085495,-0.15383505821228027,0.057454079389572144
1761478574653705500,7.62070556640625,-0.005117620807141066,-0.13994453847408295,-0.044654712080955505
1761478574663741400,7.630741455078125,0.026549069210886955,-0.12411383539438248,-0.11762995272874832
1761478574673776400,7.6407763671875,0.07260976731777191,-0.09609498828649521,-0.12323883175849915
1761478574683812400,7.650812255859375,0.11363145709037781,-0.05136663839221001,-0.07225924730300903
1761478574693848300,7.660848388671875,0.13579827547073364,-0.0040300153195858,-0.005643738433718681
1761478574703884300,7.67088427734375,0.15269502997398376,0.04581364989280701,0.048659324645996094
1761478574713920300,7.680920166015625,0.15985360741615295,0.07107799500226974,0.07038938254117966
1761478574723955500,7.69095556640625,0.15915462374687195,0.058841560035943985,0.05605897307395935
1761478574733991400,7.700991455078125,0.13755345344543457,0.047474123537540436,0.025038206949830055
1761478574744027400,7.71102734375,0.07998092472553253,0.04679675027728081,-0.013257544487714767
1761478574754063400,7.7210634765625,-0.006769416853785515,0.0619669146835804,-0.05820850655436516
1761478574764099300,7.731099365234375,-0.08901576697826385,0.065914086997509,-0.10627224296331406
1761478574774134300,7.74113427734375,-0.1332082450389862,0.08416979014873505,-0.13779474794864655
1761478574784170500,7.75117041015625,-0.14813710749149323,0.09617633372545242,-0.1730472296476364
1761478574794206500,7.76120654296875,-0.16319355368614197,0.11917059868574142,-0.20676018297672272
1761478574804242400,7.771242431640625,-0.1971091628074646,0.1650247871875763,-0.22849702835083008
1761478574814278400,7.7812783203125,-0.2389085441827774,0.21149322390556335,-0.24097366631031036
1761478574824313300,7.791313232421875,-0.2850967049598694,0.23353298008441925,-0.2466723471879959
1761478574834349300,7.801349365234375,-0.2988279461860657,0.2301347851753235,-0.24006424844264984
1761478574844385300,7.81138525390625,-0.27161455154418945,0.2074165642261505,-0.2272050380706787
1761478574854421500,7.82142138671875,-0.22708353400230408,0.19044050574302673,-0.20348159968852997
1761478574864457500,7.83145751953125,-0.18509523570537567,0.17946361005306244,-0.17577263712882996
1761478574874492200,7.8414921875,-0.15931636095046997,0.196702778339386,-0.15458372235298157
1761478574884528400,7.8515283203125,-0.14050926268100739,0.2165837436914444,-0.16111873090267181
1761478574894564400,7.861564453125,-0.11746546626091003,0.19670404493808746,-0.16050167381763458
1761478574904600300,7.871600341796875,-0.08644022047519684,0.14845724403858185,-0.14517593383789062
1761478574914636300,7.88163623046875,-0.041539061814546585,0.07885899394750595,-0.12604086101055145
1761478574924671200,7.891671142578125,-0.009262961335480213,0.030396128073334694,-0.09764151275157928
1761478574934707500,7.90170751953125,-0.00262290146201849,0.017301363870501518,-0.040767308324575424
1761478574944743400,7.911743408203125,-0.01893649622797966,0.016143595799803734,0.02331262081861496
1761478574954779400,7.921779296875,-0.03357003256678581,0.012527022510766983,0.08619198203086853
1761478574964815400,7.9318154296875,-0.04224080964922905,-0.0023486970458179712,0.13332362473011017
1761478574974850300,7.941850341796875,-0.03280309960246086,-0.005681110545992851,0.154107466340065
1761478574984886300,7.95188623046875,-0.011114917695522308,-0.03485539183020592,0.14132364094257355
1761478574994922500,7.961922607421875,0.018989721313118935,-0.08592337369918823,0.11345019936561584
1761478575004958500,7.97195849609375,0.042419884353876114,-0.14792311191558838,0.0904187485575676
1761478575014994400,7.981994384765625,0.053255487233400345,-0.18193727731704712,0.07894744724035263
1761478575025029000,7.992029052734375,0.03788886219263077,-0.1717751920223236,0.0852927565574646
1761478575035065000,8.002065185546876,0.007727230433374643,-0.13636447489261627,0.08876392245292664
1761478575045100300,8.012100341796875,-0.0124724842607975,-0.09477844089269638,0.08072725683450699
1761478575055135200,8.02213525390625,-0.020877154543995857,-0.05400678142905235,0.06363269686698914
1761478575065171200,8.032171142578125,-0.003186596091836691,-0.014864862896502018,0.05066722631454468
1761478575075207200,8.042207275390625,0.030970042571425438,-0.003965876530855894,0.023948796093463898
1761478575085243100,8.0522431640625,0.059934597462415695,-0.01882980577647686,0.007745751645416021
1761478575095279000,8.062279052734375,0.09701059758663177,-0.0513179749250412,0.0014915840001776814
1761478575105314300,8.072314208984375,0.11751286685466766,-0.07851291447877884,0.014787862077355385
1761478575115349500,8.082349609375,0.12823475897312164,-0.08328370004892349,0.03779890388250351
1761478575125385500,8.092385498046875,0.1211845651268959,-0.06189710646867752,0.049981024116277695
1761478575135421400,8.10242138671875,0.10405484586954117,-0.042666953057050705,0.05166148021817207
1761478575145457400,8.11245751953125,0.08400992304086685,-0.016946159303188324,0.0416443906724453
1761478575155492600,8.12249267578125,0.0781823918223381,0.0052909692749381065,0.011072902008891106
1761478575165528600,8.132528564453125,0.08118467777967453,0.03852231055498123,-0.029665810987353325
1761478575175564500,8.142564453125,0.07948397845029831,0.03322075307369232,-0.07357974350452423
1761478575185600500,8.1526005859375,0.07515211403369904,0.018534163013100624,-0.08681585639715195
1761478575195636500,8.162636474609375,0.06829208135604858,0.03312961757183075,-0.10780636221170425
1761478575205671400,8.17267138671875,0.06771764904260635,0.03805030882358551,-0.12824249267578125
1761478575215707600,8.182707763671875,0.07704298198223114,0.02674545906484127,-0.1351051926612854
1761478575225743600,8.19274365234375,0.0958135798573494,0.007853196933865547,-0.12134452164173126
1761478575235779600,8.202779541015625,0.1107882708311081,0.025824740529060364,-0.08661477267742157
1761478575245815600,8.212815673828125,0.12748582661151886,0.07539449632167816,-0.050338976085186005
1761478575255850500,8.2228505859375,0.13335783779621124,0.11853823810815811,-0.019825005903840065
1761478575265886500,8.232886474609375,0.11834365874528885,0.1586965024471283,-0.005526315420866013
1761478575275922400,8.24292236328125,0.11368446052074432,0.178664892911911,-0.0059814490377902985
1761478575285958700,8.252958740234375,0.12537890672683716,0.16786648333072662,-0.021543750539422035
1761478575295994600,8.26299462890625,0.13761159777641296,0.11822196841239929,-0.03729049116373062
1761478575306029600,8.273029541015624,0.1409830003976822,0.08958807587623596,-0.035895586013793945
1761478575316065500,8.2830654296875,0.11878129094839096,0.0635673925280571,-0.025606729090213776
1761478575326101500,8.2931015625,0.07718762010335922,0.0652746856212616,-0.00019952328875660896
1761478575336137500,8.303137451171875,0.027160407975316048,0.10722613334655762,0.03324684873223305
1761478575346173400,8.31317333984375,-0.00835544615983963,0.14465607702732086,0.055188268423080444
1761478575356208600,8.323208740234374,-0.028360847383737564,0.15632018446922302,0.07599981129169464
1761478575366244600,8.33324462890625,-0.05076472833752632,0.13326135277748108,0.09944544732570648
1761478575376280600,8.343280517578124,-0.0656169056892395,0.10097558796405792,0.14007329940795898
1761478575386316500,8.353316650390624,-0.06572175770998001,0.07613200694322586,0.1743924468755722
1761478575396352500,8.3633525390625,-0.051141221076250076,0.02606618031859398,0.18371963500976562
1761478575406387500,8.373387451171874,-0.03238828480243683,-0.054853543639183044,0.17841848731040955
1761478575416423700,8.383423583984374,-0.04435626417398453,-0.12941086292266846,0.15950311720371246
1761478575426459600,8.393459716796874,-0.09622998535633087,-0.14332057535648346,0.14332392811775208
1761478575436495600,8.40349560546875,-0.14250613749027252,-0.13270682096481323,0.17132146656513214
1761478575446531600,8.413531494140624,-0.15031059086322784,-0.040693897753953934,0.2756154537200928
1761478575456566500,8.42356640625,-0.1658243089914322,0.3189699947834015,0.6050394177436829
1761478575466602500,8.4336025390625,-0.1007353886961937,0.06233973428606987,0.3163505494594574
1761478575476638500,8.443638427734374,-0.04307502135634422,-0.08342092484235764,0.09668929874897003
1761478575486674400,8.45367431640625,-0.037823740392923355,-0.16060543060302734,0.033704906702041626
1761478575496710700,8.463710693359374,-0.06817152351140976,-0.291493684053421,0.023896481841802597
1761478575506745600,8.47374560546875,-0.12936288118362427,-0.25596651434898376,0.08826693892478943
1761478575516781600,8.483781494140626,-0.18344396352767944,-0.1440677046775818,0.2101912498474121
1761478575526817500,8.493817626953126,-0.15711626410484314,0.08180391788482666,0.3947882056236267
1761478575536853500,8.503853515625,-0.034496333450078964,0.29241707921028137,0.49461600184440613
